<?xml version='1.0' encoding='utf-8' standalone='yes' ?>
<map>
    <string name="phoneid_id2">09030ab7-8bf2-4dc8-be98-72763df1a99b</string>
    <int name="num_notification_channels_created" value="3" />
    <int name="number_of_inactive_accounts" value="0" />
    <int name="pref_autoconf_verification_status" value="-1" />
    <boolean name="companion_reg_opt_in_enabled" value="true" />
    <boolean name="pref_prefer_sms_over_flash" value="false" />
    <long name="dithered_last_signed_prekey_rotation" value="1729014262955" />
    <string name="backup_token_retrieval_error">null_token</string>
    <boolean name="is_chrome_device_cached" value="false" />
    <int name="c2dm_app_vers" value="232188001" />
    <string name="sticker_store_etag">9fba640dad2cd7bb4b27ab23b30cbe22</string>
    <int name="connection_lc" value="0" />
    <string name="c2dm_reg_id">cRe4p-BF144:APA91bGHcgTgUZ-Essv3rXo5o3WchPllhtbCy_d4CNl_qa40fBtN0rU0Zn-MAcKVpJCaXN2DtsMoXJS9659MI5uj9KpuamUncpHMVzm5yXNpVHT1ka31ukEXihz33olWJpw_owRHOvPY</string>
    <boolean name="signal_protocol_store_is_new" value="true" />
    <string name="push:push_pkey_data">[2,&quot;ykPAjAM6Xn8x\/hA+vzGQwK4HvIPxaIa6wHd0kVv+NBo&quot;,&quot;8vk7ZO1dus3ZGItf3HLwRw&quot;,&quot;u+N9+w&quot;,&quot;0tb1WAwnTCgoaVDZEI9Yjg&quot;]</string>
    <long name="last_exit_reason_sync_timestamp" value="1729729667805" />
    <long name="client_version_upgrade_timestamp" value="1726746287651" />
    <long name="sticker_store_last_fetch_time" value="1726766570748" />
    <long name="next_randomized_daily_cron" value="1729790546332" />
    <long name="eula_accepted_time" value="1726834752711" />
    <boolean name="is_eula_loaded_once" value="true" />
    <long name="push:push_pkey_generate_ts" value="1726747989412" />
    <boolean name="android.permission.POST_NOTIFICATIONS" value="true" />
    <boolean name="is_ls_shown_during_reg" value="true" />
    <boolean name="pref_flash_call_education_screen_displayed" value="false" />
    <long name="sticker_store_backoff_time" value="1729730164028" />
    <long name="language_selector_time_spent" value="6223" />
    <string name="token_used_during_reg">wDLjCoHcC59i/7PAt99v9YwmTz4</string>
    <boolean name="report_unhealthy_module" value="true" />
    <string name="registration_failure_reason"></string>
    <long name="phoneid_timestamp2" value="1726746286097" />
    <long name="ka_static_refresh_ts" value="1726834753" />
    <string name="external_storage_type">scoped</string>
    <int name="notification_channels_schema_version" value="2" />
    <string name="smb_app_install_source">unknown|unknown</string>
    <int name="language_selector_clicked_count" value="2" />
    <int name="sticker_store_backoff_attempt" value="23" />
    <boolean name="fingerprint_authentication_needed" value="true" />
    <int name="logins_with_messages" value="0" />
    <string name="perf_device_id">6576dd7b-25c0-493d-9b52-012154b0dd01</string>
    <int name="notification_channel_upgrade_version" value="1" />
    <long name="app_background_time" value="248844766" />
    <boolean name="input_enter_send" value="false" />
    <long name="last_heartbeat_login" value="1729706673948" />
</map>
