<?xml version='1.0' encoding='utf-8' standalone='yes' ?>
<map>
    <long name="last_ntp_client_time" value="1729713560969" />
    <boolean name="async_tasks_pending_for_version_change" value="false" />
    <long name="client_ntp_time_diff" value="296" />
    <int name="registration_state" value="0" />
    <boolean name="run_on_connect_tasks_for_version_change" value="true" />
    <boolean name="force_db_check" value="true" />
    <int name="startup_migrated_version" value="9" />
    <string name="forced_language">ar</string>
    <string name="version">2.23.21.88</string>
</map>
