<?xml version='1.0' encoding='utf-8' standalone='yes' ?>
<map>
    <boolean name="installation_v930" value="true" />
    <boolean name="installation_v941" value="true" />
    <int name="t" value="8" />
    <boolean name="installation_v960" value="true" />
    <boolean name="installation_v980" value="true" />
    <boolean name="installation_v990" value="true" />
    <int name="lastWCheck2024" value="295" />
    <int name="last_fmbackup2024" value="298" />
    <long name="ann_0_seen" value="1726746281715" />
</map>
