{"rx_text_msgs":0,"tx_text_msgs":0,"rx_media_msgs":0,"tx_media_msgs":0,"rx_payment_msgs":0,"tx_payment_msgs":0,"rx_statuses":0,"tx_statuses":0,"rx_offline_msgs":0,"rx_offline_delay":0,"rx_media_bytes":1024280,"tx_media_bytes":0,"rx_message_service_bytes":0,"tx_message_service_bytes":0,"rx_status_bytes":0,"tx_status_bytes":0,"last_reset":-9223372036854775808,"rx_voip_calls":0,"tx_voip_calls":0,"rx_voip_bytes":0,"tx_voip_bytes":0,"rx_google_drive_bytes":0,"tx_google_drive_bytes":0,"rx_roaming_bytes":0,"tx_roaming_bytes":0}